{
  "MQTT Publisher" : {
    "transaction" : "MQTT Publisher",
    "sampleCount" : 23648,
    "errorCount" : 1,
    "errorPct" : 0.0042286874,
    "meanResTime" : 0.1456782814614343,
    "medianResTime" : 0.0,
    "minResTime" : 0.0,
    "maxResTime" : 22.0,
    "pct1ResTime" : 1.0,
    "pct2ResTime" : 1.0,
    "pct3ResTime" : 1.0,
    "throughput" : 398.86654972338414,
    "receivedKBytesPerSec" : 0.015582042318850358,
    "sentKBytesPerSec" : 0.0
  },
  "Total" : {
    "transaction" : "Total",
    "sampleCount" : 23648,
    "errorCount" : 1,
    "errorPct" : 0.0042286874,
    "meanResTime" : 0.1456782814614343,
    "medianResTime" : 0.0,
    "minResTime" : 0.0,
    "maxResTime" : 22.0,
    "pct1ResTime" : 1.0,
    "pct2ResTime" : 1.0,
    "pct3ResTime" : 1.0,
    "throughput" : 398.86654972338414,
    "receivedKBytesPerSec" : 0.015582042318850358,
    "sentKBytesPerSec" : 0.0
  }
}