{
  "MQTT Publisher" : {
    "transaction" : "MQTT Publisher",
    "sampleCount" : 17800,
    "errorCount" : 1,
    "errorPct" : 0.0056179776,
    "meanResTime" : 0.1546629213483154,
    "medianResTime" : 0.0,
    "minResTime" : 0.0,
    "maxResTime" : 21.0,
    "pct1ResTime" : 1.0,
    "pct2ResTime" : 1.0,
    "pct3ResTime" : 1.0,
    "throughput" : 300.05731431846533,
    "receivedKBytesPerSec" : 0.015573111577492329,
    "sentKBytesPerSec" : 0.0
  },
  "Total" : {
    "transaction" : "Total",
    "sampleCount" : 17800,
    "errorCount" : 1,
    "errorPct" : 0.0056179776,
    "meanResTime" : 0.1546629213483154,
    "medianResTime" : 0.0,
    "minResTime" : 0.0,
    "maxResTime" : 21.0,
    "pct1ResTime" : 1.0,
    "pct2ResTime" : 1.0,
    "pct3ResTime" : 1.0,
    "throughput" : 300.05731431846533,
    "receivedKBytesPerSec" : 0.015573111577492329,
    "sentKBytesPerSec" : 0.0
  }
}