{
  "MQTT Publisher" : {
    "transaction" : "MQTT Publisher",
    "sampleCount" : 11885,
    "errorCount" : 1,
    "errorPct" : 0.008413967,
    "meanResTime" : 0.1718973496003364,
    "medianResTime" : 0.0,
    "minResTime" : 0.0,
    "maxResTime" : 18.0,
    "pct1ResTime" : 1.0,
    "pct2ResTime" : 1.0,
    "pct3ResTime" : 1.0,
    "throughput" : 200.2999865174599,
    "receivedKBytesPerSec" : 0.01556943718821626,
    "sentKBytesPerSec" : 0.0
  },
  "Total" : {
    "transaction" : "Total",
    "sampleCount" : 11885,
    "errorCount" : 1,
    "errorPct" : 0.008413967,
    "meanResTime" : 0.1718973496003364,
    "medianResTime" : 0.0,
    "minResTime" : 0.0,
    "maxResTime" : 18.0,
    "pct1ResTime" : 1.0,
    "pct2ResTime" : 1.0,
    "pct3ResTime" : 1.0,
    "throughput" : 200.2999865174599,
    "receivedKBytesPerSec" : 0.01556943718821626,
    "sentKBytesPerSec" : 0.0
  }
}